trial,state,value,learning_rate,weight_decay,warmup_ratio,scheduler,pruned_at_step,training_time_seconds,peak_vram_gib
11,COMPLETE,2.2312744471539774,1.7433533281255263e-05,0.05162546841842581,0.01508856462931126,cosine,,304.6602459088899,17.63231897354126
10,COMPLETE,2.231737641715888,2.027540234834488e-05,0.04801331735625033,0.01526329462740635,cosine,,304.21927110198885,17.63231897354126
6,COMPLETE,2.231886388581554,2.093860044524809e-05,0.03023144742123749,0.018577837614190372,cosine,,303.76507984800264,17.635416507720947
9,COMPLETE,2.232759401499081,2.2020408415490124e-05,0.038702664565364656,0.043603741164779594,linear,,304.77368739340454,17.63357448577881
4,COMPLETE,2.2329936097188052,2.1021417238113547e-05,0.02836963163912251,0.031067955669437,cosine,,303.9973042891361,17.635416507720947
0,COMPLETE,2.2330749887677244,1.6913198431430903e-05,0.07704285838459497,0.05525966679962729,linear,,302.8981603551656,17.654375553131104
7,COMPLETE,2.233376569708421,2.5169517706935656e-05,0.03827682615040224,0.020371966270351115,linear,,304.26469657197595,17.635416507720947
5,COMPLETE,2.234053937655118,2.4639629600443492e-05,0.031980426929501586,0.043282894112748646,linear,,303.73938863910735,17.635416507720947
3,COMPLETE,2.2351351087467672,1.4195975406393544e-05,0.03825453457757226,0.04386160373977309,linear,,304.3933795890771,17.635416507720947
1,COMPLETE,2.2360395361279255,1.3843876196736598e-05,0.023485016730091967,0.06263968801762143,cosine,,304.18563620885834,17.641741275787354
2,COMPLETE,2.239536811313525,1.2228484569816138e-05,0.07819459112971966,0.0607843452440232,linear,,304.10227309772745,17.635416507720947
8,PRUNED,2.244067682514626,1.3419772154047576e-05,0.04971061460667621,0.01689136866133701,linear,315,,
